	<NODE name="EV" code="09" endian="Little">
		<HSDL>
			<PARAMETERS timestamp="1" scan_block="1">
				<PARAMETER description="ISM_PABPLOC-m1ad1" position="1" type="FLT" name="FTS_01"   rate="1000" />
				<PARAMETER description="ISM_PABPLOC-m2ad1" position="2" type="FLT" name="FTS_02"   rate="1000" />
				<PARAMETER description="ISM_PACPLOC-m1ad1" position="3" type="FLT" name="FTS_03"   rate="1000" />
				<PARAMETER description="ISM_PACPLOC-m2ad1" position="4" type="FLT" name="FTS_04"   rate="1000" />
				<PARAMETER description="ISM_PBSPLOC-m1ad1" position="5" type="FLT" name="FTS_05"   rate="1000" />
				<PARAMETER description="ISM_PBSPLOC-m2ad1" position="6" type="FLT" name="FTS_06"   rate="1000" />
				<PARAMETER description="ISM_PMFPLOC-m1ad1" position="7" type="FLT" name="FTS_07"   rate="1000" />
				<PARAMETER description="ISM_PMFPLOC-m2ad1" position="8" type="FLT" name="FTS_08"   rate="1000" />
				<PARAMETER description="ISM_TABPLOC-m1ad1" position="9" type="FLT" name="FTS_09"   rate="1000" />
				<PARAMETER description="ISM_TABPLOC-m2ad1" position="10" type="FLT" name="FTS_10"   rate="1000" />
				<PARAMETER description="ISM_TACPLOC-m1ad1" position="11" type="FLT" name="FTS_11"   rate="1000" />
				<PARAMETER description="ISM_TACPLOC-m2ad1" position="12" type="FLT" name="FTS_12"   rate="1000" />
				<PARAMETER description="ISM_TBSPLOC-m1ad1" position="13" type="FLT" name="FTS_13"   rate="1000" />
				<PARAMETER description="ISM_TBSPLOC-m2ad1" position="14" type="FLT" name="FTS_14"   rate="1000" />
				<PARAMETER description="OSM_ACPTMCDMD-m1ad1" position="15" type="FLT" name="FTS_15"   rate="1000" />
				<PARAMETER description="OSM_ACPTMCDMD-m2ad1" position="16" type="FLT" name="FTS_16"   rate="1000" />
				<PARAMETER description="OSM_BSPTMCDMD-m1ad1" position="17" type="FLT" name="FTS_17"   rate="1000" />
				<PARAMETER description="OSM_BSPTMCDMD-m2ad1" position="18" type="FLT" name="FTS_18"   rate="1000" />
				<PARAMETER description="OSM_WFRCTMCDMD-m1ad1" position="19" type="FLT" name="FTS_19"   rate="1000" />
				<PARAMETER description="OSM_WFRCTMCDMD-m2ad1" position="20" type="FLT" name="FTS_20"   rate="1000" />
				<PARAMETER description="OSM_WFRFTMCDMD-m1ad1" position="21" type="FLT" name="FTS_21"   rate="1000" />
				<PARAMETER description="OSM_WFRFTMCDMD-m2ad1" position="22" type="FLT" name="FTS_22"   rate="1000" />
				<PARAMETER description="OSM_WFRLTMCDMD-m1ad1" position="23" type="FLT" name="FTS_23"   rate="1000" />
				<PARAMETER description="OSM_WFRLTMCDMD-m2ad1" position="24" type="FLT" name="FTS_24"   rate="1000" />
				<PARAMETER description="OSM_ABPERMTMCDMD-m1ad1" position="25" type="FLT" name="FTS_25"   rate="1000" />
				<PARAMETER description="OSM_ABPERMTMCDMD-m2ad1" position="26" type="FLT" name="FTS_26"   rate="1000" />
				<PARAMETER description="OSM_ABPSOVTMCDMD-m1ad1" position="27" type="FLT" name="FTS_27"   rate="1000" />
				<PARAMETER description="OSM_ABPSOVTMCDMD-m2ad1" position="28" type="FLT" name="FTS_28"   rate="1000" />
				<PARAMETER description="OSM_CAMXFRTMCDMD-m1ad1" position="29" type="FLT" name="FTS_29"   rate="1000" />
				<PARAMETER description="OSM_CAMXFRTMCDMD-m2ad1" position="30" type="FLT" name="FTS_30"   rate="1000" />
				<PARAMETER description="OSM_FVGXFRTMCDMD-m1ad1" position="31" type="FLT" name="FTS_31"   rate="1000" />
				<PARAMETER description="OSM_FVGXFRTMCDMD-m2ad1" position="32" type="FLT" name="FTS_32"   rate="1000" />
				<PARAMETER description="OSM_WFMXFRTMCDMD-m1ad1" position="33" type="FLT" name="FTS_33"   rate="1000" />
				<PARAMETER description="OSM_WFMXFRTMCDMD-m2ad1" position="34" type="FLT" name="FTS_34"   rate="1000" />
				<PARAMETER description="ISM_WFRCPOSRAWLOC-m1ad1" position="35" type="FLT" name="FTS_35"   rate="1000" />
				<PARAMETER description="ISM_WFRCPOSRAWLOC-m2ad1" position="36" type="FLT" name="FTS_36"   rate="1000" />
				<PARAMETER description="ISM_WFRFPOSRAWLOC-m1ad1" position="37" type="FLT" name="FTS_37"   rate="1000" />
				<PARAMETER description="ISM_WFRFPOSRAWLOC-m2ad1" position="38" type="FLT" name="FTS_38"   rate="1000" />
				<PARAMETER description="ISM_WFRLPOSRAWLOC-m1ad1" position="39" type="FLT" name="FTS_39"   rate="1000" />
				<PARAMETER description="ISM_WFRLPOSRAWLOC-m2ad1" position="40" type="FLT" name="FTS_40"   rate="1000" />
				<PARAMETER description="ISM_WFMSOVSWCHSMON-m1ad1" position="41" type="FLT" name="FTS_41"   rate="1000" />
				<PARAMETER description="ISM_WFMSOVSWCHSMON-m2ad1" position="42" type="FLT" name="FTS_42"   rate="1000" />
				<PARAMETER description="ISM_WFMSOVSWCLSMON-m1ad1" position="43" type="FLT" name="FTS_43"   rate="1000" />
				<PARAMETER description="ISM_WFMSOVSWCLSMON-m2ad1" position="44" type="FLT" name="FTS_44"   rate="1000" />
				<PARAMETER description="OSM_ABPTHMBYPTMCDMD-m1ad1" position="45" type="FLT" name="FTS_45"   rate="1000" />
				<PARAMETER description="OSM_ABPTHMBYPTMCDMD-m2ad1" position="46" type="FLT" name="FTS_46"   rate="1000" />
				<PARAMETER description="OSM_CAMTHMBYPTMCDMD-m1ad1" position="47" type="FLT" name="FTS_47"   rate="1000" />
				<PARAMETER description="OSM_CAMTHMBYPTMCDMD-m2ad1" position="48" type="FLT" name="FTS_48"   rate="1000" />
				<PARAMETER description="OSM_FMUTHMBYPTMCDMD-m1ad1" position="49" type="FLT" name="FTS_49"   rate="1000" />
				<PARAMETER description="OSM_FMUTHMBYPTMCDMD-m2ad1" position="50" type="FLT" name="FTS_50"   rate="1000" />
				<PARAMETER description="ISM_CNASCTOLXFRSWCHSMON-m1ad1" position="51" type="FLT" name="FTS_51"   rate="1000" />
				<PARAMETER description="ISM_CNASCTOLXFRSWCHSMON-m2ad1" position="52" type="FLT" name="FTS_52"   rate="1000" />
				<PARAMETER description="ISM_CNASCTOLXFRSWCLSMON-m1ad1" position="53" type="FLT" name="FTS_53"   rate="1000" />
				<PARAMETER description="ISM_CNASCTOLXFRSWCLSMON-m2ad1" position="54" type="FLT" name="FTS_54"   rate="1000" />
				<PARAMETER description="ISM_CnasPosRawLoc-mef1a" position="55" type="FLT" name="FTS_55"   rate="1000" />
				<PARAMETER description="ISM_CnasPosRawLoc-mef2a" position="56" type="FLT" name="FTS_56"   rate="1000" />
				<PARAMETER description="ISM_CvgPosRawLoc-mef1a" position="57" type="FLT" name="FTS_57"   rate="1000" />
				<PARAMETER description="ISM_CvgPosRawLoc-mef2a" position="58" type="FLT" name="FTS_58"   rate="1000" />
				<PARAMETER description="ISM_FvgPosRawLoc-mef1a" position="59" type="FLT" name="FTS_59"   rate="1000" />
				<PARAMETER description="ISM_FvgPosRawLoc-mef2a" position="60" type="FLT" name="FTS_60"   rate="1000" />
				<PARAMETER description="ISM_IobdPosRawLoc-mef1a" position="61" type="FLT" name="FTS_61"   rate="1000" />
				<PARAMETER description="ISM_IobdPosRawLoc-mef2a" position="62" type="FLT" name="FTS_62"   rate="1000" />
				<PARAMETER description="ISM_VabiPosRawLoc-mef1a" position="63" type="FLT" name="FTS_63"   rate="1000" />
				<PARAMETER description="ISM_VabiPosRawLoc-mef2a" position="64" type="FLT" name="FTS_64"   rate="1000" />
				<PARAMETER description="ISM_WfmPosRawLoc-mef1a" position="65" type="FLT" name="FTS_65"   rate="1000" />
				<PARAMETER description="ISM_WfmPosRawLoc-mef2a" position="66" type="FLT" name="FTS_66"   rate="1000" />
				<PARAMETER description="OSM_CNASTMC1DMD-mef1a" position="67" type="FLT" name="FTS_67"   rate="1000" />
				<PARAMETER description="OSM_CNASTMC1DMD-mef2a" position="68" type="FLT" name="FTS_68"   rate="1000" />
				<PARAMETER description="OSM_CNASTMC2DMD-mef1a" position="69" type="FLT" name="FTS_69"   rate="1000" />
				<PARAMETER description="OSM_CNASTMC2DMD-mef2a" position="70" type="FLT" name="FTS_70"   rate="1000" />
				<PARAMETER description="OSM_CVGTMC1DMD-mef1a" position="71" type="FLT" name="FTS_71"   rate="1000" />
				<PARAMETER description="OSM_CVGTMC1DMD-mef2a" position="72" type="FLT" name="FTS_72"   rate="1000" />
				<PARAMETER description="OSM_FVGTMC1DMD-mef1a" position="73" type="FLT" name="FTS_73"   rate="1000" />
				<PARAMETER description="OSM_FVGTMC1DMD-mef2a" position="74" type="FLT" name="FTS_74"   rate="1000" />
				<PARAMETER description="OSM_IOBDTMCDMD-mef1a" position="75" type="FLT" name="FTS_75"   rate="1000" />
				<PARAMETER description="OSM_IOBDTMCDMD-mef2a" position="76" type="FLT" name="FTS_76"   rate="1000" />
				<PARAMETER description="OSM_VABITMC1DMD-mef1a" position="77" type="FLT" name="FTS_77"   rate="1000" />
				<PARAMETER description="OSM_VABITMC1DMD-mef2a" position="78" type="FLT" name="FTS_78"   rate="1000" />
				<PARAMETER description="OSM_WFMTMC1DMD-mef1a" position="79" type="FLT" name="FTS_79"   rate="1000" />
				<PARAMETER description="OSM_WFMTMC1DMD-mef2a" position="80" type="FLT" name="FTS_80"   rate="1000" />
			</PARAMETERS>
		</HSDL>
		<COMMON>
		</COMMON>
		<LOCAL>
		</LOCAL>
	</NODE>